{
	"info": {
		"_postman_id": "dc63fa13-f1f6-47eb-8a59-ac7828c75ed5",
		"name": "Api",
		"schema": "https://schema.getpostman.com/json/collection/v2.1.0/collection.json"
	},
	"item": [
		{
			"name": "Auth",
			"item": [
				{
					"name": "logout",
					"event": [
						{
							"listen": "prerequest",
							"script": {
								"exec": [
									""
								],
								"type": "text/javascript"
							}
						}
					],
					"request": {
						"method": "POST",
						"header": [],
						"body": {
							"mode": "raw",
							"raw": "{\n    \"id\": \"62546838d14b4230406bd049\",\n    \"notification_id\":\"test1\"\n}",
							"options": {
								"raw": {
									"language": "json"
								}
							}
						},
						"url": {
							"raw": "{{HOST_URL}}/auth/logout",
							"host": [
								"{{HOST_URL}}"
							],
							"path": [
								"auth",
								"logout"
							]
						}
					},
					"response": []
				},
				{
					"name": "login with mobile",
					"request": {
						"method": "POST",
						"header": [],
						"body": {
							"mode": "raw",
							"raw": "{\r\n    \"mobile_no\": \"9001025477\",\r\n    \"login_method\":2,\r\n    \"notification_id\":\"\"\r\n}",
							"options": {
								"raw": {
									"language": "json"
								}
							}
						},
						"url": {
							"raw": "{{HOST_URL}}/auth/login",
							"host": [
								"{{HOST_URL}}"
							],
							"path": [
								"auth",
								"login"
							]
						}
					},
					"response": []
				},
				{
					"name": "Auto login with id",
					"event": [
						{
							"listen": "prerequest",
							"script": {
								"exec": [
									""
								],
								"type": "text/javascript"
							}
						}
					],
					"protocolProfileBehavior": {
						"disableBodyPruning": true
					},
					"request": {
						"method": "GET",
						"header": [],
						"body": {
							"mode": "raw",
							"raw": "",
							"options": {
								"raw": {
									"language": "json"
								}
							}
						},
						"url": {
							"raw": "{{HOST_URL}}/auth/auto-login/6266d043cc1e0d26ec13e425",
							"host": [
								"{{HOST_URL}}"
							],
							"path": [
								"auth",
								"auto-login",
								"6266d043cc1e0d26ec13e425"
							]
						}
					},
					"response": []
				},
				{
					"name": "login with admin email",
					"event": [
						{
							"listen": "prerequest",
							"script": {
								"exec": [
									""
								],
								"type": "text/javascript"
							}
						}
					],
					"request": {
						"method": "POST",
						"header": [],
						"body": {
							"mode": "raw",
							"raw": "{\n    \"email\": \"admin@gmail.com\",\n    \"login_method\":1,\n    \"notification_id\":\"\",\n    \"password\":\"123456\"\n}",
							"options": {
								"raw": {
									"language": "json"
								}
							}
						},
						"url": {
							"raw": "{{HOST_URL}}/auth/login",
							"host": [
								"{{HOST_URL}}"
							],
							"path": [
								"auth",
								"login"
							]
						}
					},
					"response": []
				},
				{
					"name": "Signup",
					"event": [
						{
							"listen": "prerequest",
							"script": {
								"exec": [
									""
								],
								"type": "text/javascript"
							}
						}
					],
					"request": {
						"method": "POST",
						"header": [],
						"body": {
							"mode": "raw",
							"raw": "{\n    \"name\":\"Admin\",\n    \"email\": \"admin@gmail.com\",\n    \"mobile_no\": \"1234567890\",\n    \"userRole\":1,\n    \"password\": \"123456\"\n}",
							"options": {
								"raw": {
									"language": "json"
								}
							}
						},
						"url": {
							"raw": "{{HOST_URL}}/auth/signup",
							"host": [
								"{{HOST_URL}}"
							],
							"path": [
								"auth",
								"signup"
							]
						},
						"description": "new user sign up"
					},
					"response": []
				},
				{
					"name": "login with user email",
					"event": [
						{
							"listen": "prerequest",
							"script": {
								"exec": [
									""
								],
								"type": "text/javascript"
							}
						}
					],
					"request": {
						"method": "POST",
						"header": [],
						"body": {
							"mode": "raw",
							"raw": "{\n    \"email\": \"admin@gmail.com\",\n    \"login_method\":1,\n    \"notification_id\":\"\",\n    \"password\":\"123456\"\n}",
							"options": {
								"raw": {
									"language": "json"
								}
							}
						},
						"url": {
							"raw": "{{HOST_URL}}/auth/login",
							"host": [
								"{{HOST_URL}}"
							],
							"path": [
								"auth",
								"login"
							]
						}
					},
					"response": []
				}
			]
		},
		{
			"name": "User",
			"item": [
				{
					"name": "update user",
					"event": [
						{
							"listen": "prerequest",
							"script": {
								"exec": [
									""
								],
								"type": "text/javascript"
							}
						}
					],
					"request": {
						"auth": {
							"type": "bearer",
							"bearer": [
								{
									"key": "token",
									"value": "{{AUTH_TOKEN}}",
									"type": "string"
								}
							]
						},
						"method": "PUT",
						"header": [],
						"body": {
							"mode": "raw",
							"raw": "{\n    \"country\": \"INDIA\"\n}",
							"options": {
								"raw": {
									"language": "json"
								}
							}
						},
						"url": {
							"raw": "{{HOST_URL}}/user/6266d043cc1e0d26ec13e425",
							"host": [
								"{{HOST_URL}}"
							],
							"path": [
								"user",
								"6266d043cc1e0d26ec13e425"
							]
						}
					},
					"response": []
				},
				{
					"name": "All Users",
					"protocolProfileBehavior": {
						"disableBodyPruning": true
					},
					"request": {
						"auth": {
							"type": "bearer",
							"bearer": [
								{
									"key": "token",
									"value": "{{AUTH_TOKEN}}",
									"type": "string"
								}
							]
						},
						"method": "GET",
						"header": [],
						"body": {
							"mode": "raw",
							"raw": "",
							"options": {
								"raw": {
									"language": "json"
								}
							}
						},
						"url": {
							"raw": "{{HOST_URL}}/user/all?page=0&limit=10&userRole=2",
							"host": [
								"{{HOST_URL}}"
							],
							"path": [
								"user",
								"all"
							],
							"query": [
								{
									"key": "page",
									"value": "0"
								},
								{
									"key": "limit",
									"value": "10"
								},
								{
									"key": "userRole",
									"value": "2"
								}
							]
						}
					},
					"response": []
				},
				{
					"name": "Add notification id",
					"event": [
						{
							"listen": "prerequest",
							"script": {
								"exec": [
									""
								],
								"type": "text/javascript"
							}
						}
					],
					"request": {
						"method": "POST",
						"header": [
							{
								"key": "Authorization",
								"value": "barer eyJhbGciOiJIUzI1NiIsInR5cCI6IkpXVCJ9.eyJpZCI6IjVlYjQzYTU3ZmE3NmRhNDdiY2VhMjE5NSIsImlhdCI6MTU4OTAxNzA4M30.H6dT5wgIrQpgxM9FMbo6x96jIHA-N9cGg9uWTr0XATM",
								"type": "text"
							}
						],
						"body": {
							"mode": "raw",
							"raw": "{\n\t\"isAdd\":true,\n\t\"notification_id\":\"08029b76-ebbf-4772-a5c1-e9d93cf624ee\",\n\t\"id\":\"6266d043cc1e0d26ec13e425\"\n}",
							"options": {
								"raw": {
									"language": "json"
								}
							}
						},
						"url": {
							"raw": "{{HOST_URL}}/user/notification_id",
							"host": [
								"{{HOST_URL}}"
							],
							"path": [
								"user",
								"notification_id"
							]
						}
					},
					"response": []
				},
				{
					"name": "Remove notification id",
					"event": [
						{
							"listen": "prerequest",
							"script": {
								"exec": [
									""
								],
								"type": "text/javascript"
							}
						}
					],
					"request": {
						"method": "POST",
						"header": [
							{
								"key": "Authorization",
								"value": "barer eyJhbGciOiJIUzI1NiIsInR5cCI6IkpXVCJ9.eyJpZCI6IjVlYjQzYTU3ZmE3NmRhNDdiY2VhMjE5NSIsImlhdCI6MTU4OTAxNzA4M30.H6dT5wgIrQpgxM9FMbo6x96jIHA-N9cGg9uWTr0XATM",
								"type": "text"
							}
						],
						"body": {
							"mode": "raw",
							"raw": "{\n\t\"isAdd\":false,\n\t\"notification_id\":\"id to be removed\",\n\t\"id\":\"5ec95340f02fa124e04ae3bf\"\n}",
							"options": {
								"raw": {
									"language": "json"
								}
							}
						},
						"url": {
							"raw": "{{HOST_URL}}/v1/user/notification_id",
							"host": [
								"{{HOST_URL}}"
							],
							"path": [
								"v1",
								"user",
								"notification_id"
							]
						}
					},
					"response": []
				},
				{
					"name": "Get user detail by id",
					"request": {
						"auth": {
							"type": "bearer",
							"bearer": [
								{
									"key": "token",
									"value": "{{AUTH_TOKEN}}",
									"type": "string"
								}
							]
						},
						"method": "GET",
						"header": [],
						"url": {
							"raw": "{{HOST_URL}}/user/6266d043cc1e0d26ec13e425",
							"host": [
								"{{HOST_URL}}"
							],
							"path": [
								"user",
								"6266d043cc1e0d26ec13e425"
							]
						}
					},
					"response": []
				},
				{
					"name": "update user by id",
					"request": {
						"auth": {
							"type": "bearer",
							"bearer": [
								{
									"key": "token",
									"value": "{{AUTH_TOKEN}}",
									"type": "string"
								}
							]
						},
						"method": "PUT",
						"header": [],
						"body": {
							"mode": "raw",
							"raw": "{\r\n     \"address_detail\": [\r\n            {\r\n                \"full_name\": \"my store\",\r\n                \"adderess_1\": \"A/201\",\r\n                \"adderess_2\": \"A.2\",\r\n                \"adderess_3\": \"\",\r\n                \"adderess_4\": \"\",\r\n                \"adderess_5\": \"\",\r\n                \"_id\": \"5fc7ba814fff1d311899fa47\"\r\n            }\r\n        ]\r\n}",
							"options": {
								"raw": {
									"language": "json"
								}
							}
						},
						"url": {
							"raw": "{{HOST_URL}}/user/62546838d14b4230406bd049",
							"host": [
								"{{HOST_URL}}"
							],
							"path": [
								"user",
								"62546838d14b4230406bd049"
							]
						}
					},
					"response": []
				}
			]
		},
		{
			"name": "ServiceArea",
			"item": [
				{
					"name": "Service Area Add",
					"request": {
						"method": "POST",
						"header": [],
						"body": {
							"mode": "raw",
							"raw": "{\r\n    \"name\":\"OnlineStore\",\r\n    \"locality\":\"OnlineStore\",\r\n    \"pincode\":\"32011\",\r\n    \"city\":\"OnlineStore\",\r\n    \"status\":1\r\n\r\n}\r\n",
							"options": {
								"raw": {
									"language": "json"
								}
							}
						},
						"url": {
							"raw": "{{HOST_URL}}/community/",
							"host": [
								"{{HOST_URL}}"
							],
							"path": [
								"community",
								""
							]
						}
					},
					"response": []
				},
				{
					"name": "Service Area List",
					"request": {
						"method": "GET",
						"header": [],
						"url": {
							"raw": "{{HOST_URL}}/community?page=0&limit=20",
							"host": [
								"{{HOST_URL}}"
							],
							"path": [
								"community"
							],
							"query": [
								{
									"key": "page",
									"value": "0"
								},
								{
									"key": "limit",
									"value": "20"
								}
							]
						}
					},
					"response": []
				},
				{
					"name": "update ServiceArea",
					"request": {
						"auth": {
							"type": "bearer",
							"bearer": [
								{
									"key": "token",
									"value": "{{AUTH_TOKEN}}",
									"type": "string"
								}
							]
						},
						"method": "PUT",
						"header": [],
						"body": {
							"mode": "raw",
							"raw": "{\r\n     \"name\": \"Jaipur\"\r\n}",
							"options": {
								"raw": {
									"language": "json"
								}
							}
						},
						"url": {
							"raw": "{{HOST_URL}}/community/626838cdb96fbb3318d864f9",
							"host": [
								"{{HOST_URL}}"
							],
							"path": [
								"community",
								"626838cdb96fbb3318d864f9"
							]
						}
					},
					"response": []
				}
			]
		},
		{
			"name": "Address",
			"item": [
				{
					"name": "Add Address",
					"request": {
						"auth": {
							"type": "bearer",
							"bearer": [
								{
									"key": "token",
									"value": "{{AUTH_TOKEN}}",
									"type": "string"
								}
							]
						},
						"method": "POST",
						"header": [],
						"body": {
							"mode": "raw",
							"raw": "{\r\n    \"full_name\":\"mayank\",\r\n    \"email\":\"mayank@gmail.com\",\r\n    \"mobile_no\":\"9001025477\",\r\n    \"adderess_1\":\"A 204\",\r\n    \"adderess_2\":\"Near Mk Hospital, Jaipur\",\r\n    \"pin_code\":\"302121\",\r\n    \"city\":\"jaipur\",\r\n    \"statue\":\"raj\",\r\n    \"address_type\":\"HOME\",\r\n    \"latitude\":\"28.44222\",\r\n    \"longitude\":\"75.444\",\r\n    \"user_id\":\"63e4c82e79cd7c1cec00645e\"\r\n}",
							"options": {
								"raw": {
									"language": "json"
								}
							}
						},
						"url": {
							"raw": "{{HOST_URL}}/address",
							"host": [
								"{{HOST_URL}}"
							],
							"path": [
								"address"
							]
						}
					},
					"response": []
				},
				{
					"name": "Address list by user id",
					"request": {
						"auth": {
							"type": "bearer",
							"bearer": [
								{
									"key": "token",
									"value": "{{AUTH_TOKEN}}",
									"type": "string"
								}
							]
						},
						"method": "POST",
						"header": [],
						"body": {
							"mode": "raw",
							"raw": "{\r\n    \"user_id\":\"63a00c90c89e7c000433aeb6\"\r\n}",
							"options": {
								"raw": {
									"language": "json"
								}
							}
						},
						"url": {
							"raw": "{{HOST_URL}}/address/list",
							"host": [
								"{{HOST_URL}}"
							],
							"path": [
								"address",
								"list"
							]
						}
					},
					"response": []
				},
				{
					"name": "Get Address By id",
					"request": {
						"auth": {
							"type": "bearer",
							"bearer": [
								{
									"key": "token",
									"value": "{{AUTH_TOKEN}}",
									"type": "string"
								}
							]
						},
						"method": "GET",
						"header": [],
						"url": {
							"raw": "{{HOST_URL}}/address/626c3993bf732f07f08f6660",
							"host": [
								"{{HOST_URL}}"
							],
							"path": [
								"address",
								"626c3993bf732f07f08f6660"
							]
						}
					},
					"response": []
				},
				{
					"name": "Update Address",
					"request": {
						"auth": {
							"type": "bearer",
							"bearer": [
								{
									"key": "token",
									"value": "{{AUTH_TOKEN}}",
									"type": "string"
								}
							]
						},
						"method": "PUT",
						"header": [],
						"body": {
							"mode": "raw",
							"raw": "{\r\n    \"first_name\":\"update mayank\"\r\n}",
							"options": {
								"raw": {
									"language": "json"
								}
							}
						},
						"url": {
							"raw": "{{HOST_URL}}/address/626c3993bf732f07f08f6660",
							"host": [
								"{{HOST_URL}}"
							],
							"path": [
								"address",
								"626c3993bf732f07f08f6660"
							]
						}
					},
					"response": []
				}
			]
		},
		{
			"name": "Category",
			"item": [
				{
					"name": "Category Filter",
					"request": {
						"auth": {
							"type": "bearer",
							"bearer": [
								{
									"key": "token",
									"value": "{{AUTH_TOKEN}}",
									"type": "string"
								}
							]
						},
						"method": "POST",
						"header": [],
						"body": {
							"mode": "raw",
							"raw": "{\r\n    \"status\":1\r\n}",
							"options": {
								"raw": {
									"language": "json"
								}
							}
						},
						"url": {
							"raw": "{{HOST_URL}}/category/categorylist",
							"host": [
								"{{HOST_URL}}"
							],
							"path": [
								"category",
								"categorylist"
							]
						},
						"description": " // category list has filter of sub category id, isTredning, Creator id"
					},
					"response": []
				},
				{
					"name": "Get Category By Id",
					"protocolProfileBehavior": {
						"disableBodyPruning": true
					},
					"request": {
						"auth": {
							"type": "bearer",
							"bearer": [
								{
									"key": "token",
									"value": "{{AUTH_TOKEN}}",
									"type": "string"
								}
							]
						},
						"method": "GET",
						"header": [
							{
								"key": "Authorization",
								"value": "eyJhbGciOiJIUzI1NiIsInR5cCI6IkpXVCJ9.eyJpZCI6IjVmNWIyN2Y1ZGU0YmVjMmVhNGI5M2QxMCIsImlhdCI6MTU5OTgyNDQxMH0.Hemnj9SD4xEGpP5hgS3zmVljkh5edFuq6LCAaX-UaWk",
								"type": "text"
							}
						],
						"body": {
							"mode": "raw",
							"raw": "",
							"options": {
								"raw": {
									"language": "json"
								}
							}
						},
						"url": {
							"raw": "{{HOST_URL}}/category/6266d2375f8f26220c999802",
							"host": [
								"{{HOST_URL}}"
							],
							"path": [
								"category",
								"6266d2375f8f26220c999802"
							]
						}
					},
					"response": []
				},
				{
					"name": "Update Category",
					"request": {
						"auth": {
							"type": "bearer",
							"bearer": [
								{
									"key": "token",
									"value": "{{AUTH_TOKEN}}",
									"type": "string"
								}
							]
						},
						"method": "PUT",
						"header": [],
						"body": {
							"mode": "raw",
							"raw": "{\r\n    \"icon\":\"https://humbleirde.s3.ca-central-1.amazonaws.com/rugs/logo.png\"\r\n\r\n}",
							"options": {
								"raw": {
									"language": "json"
								}
							}
						},
						"url": {
							"raw": "{{HOST_URL}}/category/63e2cae79b99f000022cf975",
							"host": [
								"{{HOST_URL}}"
							],
							"path": [
								"category",
								"63e2cae79b99f000022cf975"
							]
						}
					},
					"response": []
				},
				{
					"name": "Add",
					"request": {
						"auth": {
							"type": "bearer",
							"bearer": [
								{
									"key": "token",
									"value": "{{AUTH_TOKEN}}",
									"type": "string"
								}
							]
						},
						"method": "POST",
						"header": [
							{
								"key": "Authorization",
								"value": "eyJhbGciOiJIUzI1NiIsInR5cCI6IkpXVCJ9.eyJpZCI6IjVmNWIyN2Y1ZGU0YmVjMmVhNGI5M2QxMCIsImlhdCI6MTU5OTgyNDQxMH0.Hemnj9SD4xEGpP5hgS3zmVljkh5edFuq6LCAaX-UaWk",
								"type": "text"
							}
						],
						"body": {
							"mode": "raw",
							"raw": "{\r\n   \"title\":\"Handbags\",\r\n   \"icon\":\"\",\r\n   \"parent_id\":[],\r\n   \"description\":\"Handbags\",\r\n   \"image\":\"https://cdn.shopify.com/s/files/1/2763/5358/products/FLORALCREEPERBOXCLUTCH-GREY-AM-BC-1220-0005_03_1800x1800.jpg?v=1660729916\",\r\n   \"isTrending\":true,\r\n   \"creater_id\":\"63e4ccc28afb941ca8db7532\",\r\n   \"status\":1,\r\n   \"root_path\":\"\"\r\n}",
							"options": {
								"raw": {
									"language": "json"
								}
							}
						},
						"url": {
							"raw": "{{HOST_URL}}/category/",
							"host": [
								"{{HOST_URL}}"
							],
							"path": [
								"category",
								""
							]
						}
					},
					"response": []
				},
				{
					"name": "getCategoryTreeByid ",
					"request": {
						"auth": {
							"type": "bearer",
							"bearer": [
								{
									"key": "token",
									"value": "{{AUTH_TOKEN}}",
									"type": "string"
								}
							]
						},
						"method": "POST",
						"header": [],
						"body": {
							"mode": "raw",
							"raw": "{\r\n    \"searchid\":\"626c3663bf732f07f08f6658\",\r\n    \"status\":1\r\n}",
							"options": {
								"raw": {
									"language": "json"
								}
							}
						},
						"url": {
							"raw": "{{HOST_URL}}/category/getCategoryTreeByid",
							"host": [
								"{{HOST_URL}}"
							],
							"path": [
								"category",
								"getCategoryTreeByid"
							]
						},
						"description": "category id can be main category id and subcategory id"
					},
					"response": []
				},
				{
					"name": "Get category by slug",
					"request": {
						"method": "GET",
						"header": [],
						"url": {
							"raw": "{{HOST_URL}}/category/slug/grocery-1650905655023",
							"host": [
								"{{HOST_URL}}"
							],
							"path": [
								"category",
								"slug",
								"grocery-1650905655023"
							]
						}
					},
					"response": []
				},
				{
					"name": "getCategoryTreeByslug",
					"request": {
						"auth": {
							"type": "bearer",
							"bearer": [
								{
									"key": "token",
									"value": "{{AUTH_TOKEN}}",
									"type": "string"
								}
							]
						},
						"method": "POST",
						"header": [],
						"body": {
							"mode": "raw",
							"raw": "{\r\n    \"searchid\":\"electronics\",\r\n    \"status\":1\r\n}",
							"options": {
								"raw": {
									"language": "json"
								}
							}
						},
						"url": {
							"raw": "{{HOST_URL}}/category/getCategoryTreeByslug",
							"host": [
								"{{HOST_URL}}"
							],
							"path": [
								"category",
								"getCategoryTreeByslug"
							]
						}
					},
					"response": []
				}
			]
		},
		{
			"name": "Attribute",
			"item": [
				{
					"name": "Add Attribute",
					"request": {
						"auth": {
							"type": "bearer",
							"bearer": [
								{
									"key": "token",
									"value": "{{AUTH_TOKEN}}",
									"type": "string"
								}
							]
						},
						"method": "POST",
						"header": [],
						"body": {
							"mode": "raw",
							"raw": "{\r\n    \"input_name\":\"Size\",\r\n    \"input_type\":\"text\",\r\n    \"assoc_type\":1,\r\n    \"atrr_code\":\"Size\",\r\n    \"style_id\":[\"6268204832df3e05bcf51b90\"]\r\n}",
							"options": {
								"raw": {
									"language": "json"
								}
							}
						},
						"url": {
							"raw": "{{HOST_URL}}/attribute/",
							"host": [
								"{{HOST_URL}}"
							],
							"path": [
								"attribute",
								""
							]
						},
						"description": "input_tye= are text,textarea,select,datetime,decimal  \r\nassoc_type=//1 -product, 2 service"
					},
					"response": []
				},
				{
					"name": "Get Attribute By id",
					"request": {
						"auth": {
							"type": "bearer",
							"bearer": [
								{
									"key": "token",
									"value": "{{AUTH_TOKEN}}",
									"type": "string"
								}
							]
						},
						"method": "GET",
						"header": [],
						"url": {
							"raw": "{{HOST_URL}}/attribute/5fa04391058a0230a8fdec9a",
							"host": [
								"{{HOST_URL}}"
							],
							"path": [
								"attribute",
								"5fa04391058a0230a8fdec9a"
							]
						}
					},
					"response": []
				},
				{
					"name": "Update attribute",
					"request": {
						"auth": {
							"type": "bearer",
							"bearer": [
								{
									"key": "token",
									"value": "{{AUTH_TOKEN}}",
									"type": "string"
								}
							]
						},
						"method": "PUT",
						"header": [],
						"body": {
							"mode": "raw",
							"raw": "{\r\n    \"input_name\":\"Men jeans\"\r\n}",
							"options": {
								"raw": {
									"language": "json"
								}
							}
						},
						"url": {
							"raw": "{{HOST_URL}}/attribute/5f9b0a3365d1603968a2381f",
							"host": [
								"{{HOST_URL}}"
							],
							"path": [
								"attribute",
								"5f9b0a3365d1603968a2381f"
							]
						}
					},
					"response": []
				},
				{
					"name": "Attribute list",
					"request": {
						"auth": {
							"type": "bearer",
							"bearer": [
								{
									"key": "token",
									"value": "{{AUTH_TOKEN}}",
									"type": "string"
								}
							]
						},
						"method": "POST",
						"header": [],
						"body": {
							"mode": "raw",
							"raw": "{ \r\n    \"status\":1,\r\n    \"style_id\":\"5fa0453dc96a754038a90444\"\r\n}",
							"options": {
								"raw": {
									"language": "json"
								}
							}
						},
						"url": {
							"raw": "{{HOST_URL}}attribute/attributelist",
							"host": [
								"{{HOST_URL}}attribute"
							],
							"path": [
								"attributelist"
							]
						}
					},
					"response": []
				}
			]
		},
		{
			"name": "Attribute Option",
			"item": [
				{
					"name": "Add attributeoption",
					"request": {
						"auth": {
							"type": "bearer",
							"bearer": [
								{
									"key": "token",
									"value": "{{AUTH_TOKEN}}",
									"type": "string"
								}
							]
						},
						"method": "POST",
						"header": [],
						"body": {
							"mode": "raw",
							"raw": "{\r\n    \"attr_id\":\"6395dd011956b100045a6470\",\r\n    \"att_value\":\"Gray\"\r\n}",
							"options": {
								"raw": {
									"language": "json"
								}
							}
						},
						"url": {
							"raw": "{{HOST_URL}}/attributeoption/",
							"host": [
								"{{HOST_URL}}"
							],
							"path": [
								"attributeoption",
								""
							]
						}
					},
					"response": []
				},
				{
					"name": "Get attribute option by id",
					"request": {
						"auth": {
							"type": "bearer",
							"bearer": [
								{
									"key": "token",
									"value": "{{AUTH_TOKEN}}",
									"type": "string"
								}
							]
						},
						"method": "GET",
						"header": [],
						"url": {
							"raw": "{{HOST_URL}}/attributeoption/5f9b0fdfa041dc3d8052818c",
							"host": [
								"{{HOST_URL}}"
							],
							"path": [
								"attributeoption",
								"5f9b0fdfa041dc3d8052818c"
							]
						}
					},
					"response": []
				},
				{
					"name": "Update Attribue option",
					"request": {
						"auth": {
							"type": "bearer",
							"bearer": [
								{
									"key": "token",
									"value": "{{AUTH_TOKEN}}",
									"type": "string"
								}
							]
						},
						"method": "PUT",
						"header": [],
						"body": {
							"mode": "raw",
							"raw": "{\r\n    \"att_value\":\"Black\"\r\n}",
							"options": {
								"raw": {
									"language": "json"
								}
							}
						},
						"url": {
							"raw": "{{HOST_URL}}/attributeoption/5f9b0fdfa041dc3d8052818c",
							"host": [
								"{{HOST_URL}}"
							],
							"path": [
								"attributeoption",
								"5f9b0fdfa041dc3d8052818c"
							]
						}
					},
					"response": []
				},
				{
					"name": "Attirbute Option list",
					"request": {
						"auth": {
							"type": "bearer",
							"bearer": [
								{
									"key": "token",
									"value": "{{AUTH_TOKEN}}",
									"type": "string"
								}
							]
						},
						"method": "POST",
						"header": [],
						"body": {
							"mode": "raw",
							"raw": "",
							"options": {
								"raw": {
									"language": "json"
								}
							}
						},
						"url": {
							"raw": "{{HOST_URL}}/attributeoption/list",
							"host": [
								"{{HOST_URL}}"
							],
							"path": [
								"attributeoption",
								"list"
							]
						},
						"description": "attr_id to get attribute speicfic list"
					},
					"response": []
				}
			]
		},
		{
			"name": "Policy",
			"item": [
				{
					"name": "Add Policy",
					"request": {
						"auth": {
							"type": "bearer",
							"bearer": [
								{
									"key": "token",
									"value": "{{AUTH_TOKEN}}",
									"type": "string"
								}
							]
						},
						"method": "POST",
						"header": [],
						"body": {
							"mode": "raw",
							"raw": "{\r\n    \"policy_for\":\"Return\",\r\n    \"policy_name\":\"Easy Return\",\r\n    \"content\":\"Easy return with in 7 days\",\r\n    \"icon\":\"\"\r\n}",
							"options": {
								"raw": {
									"language": "json"
								}
							}
						},
						"url": {
							"raw": "{{HOST_URL}}/policy",
							"host": [
								"{{HOST_URL}}"
							],
							"path": [
								"policy"
							]
						}
					},
					"response": []
				},
				{
					"name": "Policy list",
					"request": {
						"auth": {
							"type": "bearer",
							"bearer": [
								{
									"key": "token",
									"value": "{{AUTH_TOKEN}}",
									"type": "string"
								}
							]
						},
						"method": "POST",
						"header": [],
						"url": {
							"raw": "{{HOST_URL}}/policy/list",
							"host": [
								"{{HOST_URL}}"
							],
							"path": [
								"policy",
								"list"
							]
						}
					},
					"response": []
				},
				{
					"name": "Update policy",
					"request": {
						"auth": {
							"type": "bearer",
							"bearer": [
								{
									"key": "token",
									"value": "{{AUTH_TOKEN}}",
									"type": "string"
								}
							]
						},
						"method": "PUT",
						"header": [],
						"body": {
							"mode": "raw",
							"raw": "{\r\n    \"policy_name\":\"close 2\"\r\n}",
							"options": {
								"raw": {
									"language": "json"
								}
							}
						},
						"url": {
							"raw": "{{HOST_URL}}/policy/5f9ec074d3636c07c0d9bfe0",
							"host": [
								"{{HOST_URL}}"
							],
							"path": [
								"policy",
								"5f9ec074d3636c07c0d9bfe0"
							]
						}
					},
					"response": []
				},
				{
					"name": "Get policy by id",
					"request": {
						"auth": {
							"type": "bearer",
							"bearer": [
								{
									"key": "token",
									"value": "{{AUTH_TOKEN}}",
									"type": "string"
								}
							]
						},
						"method": "GET",
						"header": [],
						"url": {
							"raw": "{{HOST_URL}}/policy/5f9ec074d3636c07c0d9bfe0",
							"host": [
								"{{HOST_URL}}"
							],
							"path": [
								"policy",
								"5f9ec074d3636c07c0d9bfe0"
							]
						}
					},
					"response": []
				}
			]
		},
		{
			"name": "Color Template",
			"item": [
				{
					"name": "Add Color",
					"request": {
						"auth": {
							"type": "bearer",
							"bearer": [
								{
									"key": "token",
									"value": "{{AUTH_TOKEN}}",
									"type": "string"
								}
							]
						},
						"method": "POST",
						"header": [],
						"body": {
							"mode": "raw",
							"raw": "{\r\n    \"color_name\":\"orange\",\r\n    \"color_code\":\"#FFA500\",\r\n   \"status\":1\r\n}",
							"options": {
								"raw": {
									"language": "json"
								}
							}
						},
						"url": {
							"raw": "{{HOST_URL}}/color",
							"host": [
								"{{HOST_URL}}"
							],
							"path": [
								"color"
							]
						}
					},
					"response": []
				},
				{
					"name": "Color List",
					"request": {
						"auth": {
							"type": "bearer",
							"bearer": [
								{
									"key": "token",
									"value": "{{AUTH_TOKEN}}",
									"type": "string"
								}
							]
						},
						"method": "POST",
						"header": [],
						"url": {
							"raw": "{{HOST_URL}}/color/list",
							"host": [
								"{{HOST_URL}}"
							],
							"path": [
								"color",
								"list"
							]
						}
					},
					"response": []
				},
				{
					"name": "Update Color",
					"request": {
						"auth": {
							"type": "bearer",
							"bearer": [
								{
									"key": "token",
									"value": "{{AUTH_TOKEN}}",
									"type": "string"
								}
							]
						},
						"method": "PUT",
						"header": [],
						"body": {
							"mode": "raw",
							"raw": "{\r\n    \"color_name\":\"ligth gray\"\r\n}",
							"options": {
								"raw": {
									"language": "json"
								}
							}
						},
						"url": {
							"raw": "{{HOST_URL}}/color/63e453e885754b29f0dd17ab",
							"host": [
								"{{HOST_URL}}"
							],
							"path": [
								"color",
								"63e453e885754b29f0dd17ab"
							]
						}
					},
					"response": []
				},
				{
					"name": "Get color by id",
					"request": {
						"auth": {
							"type": "bearer",
							"bearer": [
								{
									"key": "token",
									"value": "{{AUTH_TOKEN}}",
									"type": "string"
								}
							]
						},
						"method": "GET",
						"header": [],
						"url": {
							"raw": "{{HOST_URL}}/policy/5f9ec074d3636c07c0d9bfe0",
							"host": [
								"{{HOST_URL}}"
							],
							"path": [
								"policy",
								"5f9ec074d3636c07c0d9bfe0"
							]
						}
					},
					"response": []
				}
			]
		},
		{
			"name": "SizeTemplate",
			"item": [
				{
					"name": "Add Size",
					"request": {
						"auth": {
							"type": "bearer",
							"bearer": [
								{
									"key": "token",
									"value": "{{AUTH_TOKEN}}",
									"type": "string"
								}
							]
						},
						"method": "POST",
						"header": [],
						"body": {
							"mode": "raw",
							"raw": "{\r\n    \"size_name\":\"12X16\",\r\n   \"status\":1\r\n}",
							"options": {
								"raw": {
									"language": "json"
								}
							}
						},
						"url": {
							"raw": "{{HOST_URL}}/size",
							"host": [
								"{{HOST_URL}}"
							],
							"path": [
								"size"
							]
						}
					},
					"response": []
				},
				{
					"name": "Size List",
					"request": {
						"auth": {
							"type": "bearer",
							"bearer": [
								{
									"key": "token",
									"value": "{{AUTH_TOKEN}}",
									"type": "string"
								}
							]
						},
						"method": "POST",
						"header": [],
						"url": {
							"raw": "{{HOST_URL}}/size/list",
							"host": [
								"{{HOST_URL}}"
							],
							"path": [
								"size",
								"list"
							]
						}
					},
					"response": []
				},
				{
					"name": "Update Size",
					"request": {
						"auth": {
							"type": "bearer",
							"bearer": [
								{
									"key": "token",
									"value": "{{AUTH_TOKEN}}",
									"type": "string"
								}
							]
						},
						"method": "PUT",
						"header": [],
						"body": {
							"mode": "raw",
							"raw": "{\r\n    \"size_name\":\"12X16\"\r\n}",
							"options": {
								"raw": {
									"language": "json"
								}
							}
						},
						"url": {
							"raw": "{{HOST_URL}}/size/63e4cc101b418b0188cfbd19",
							"host": [
								"{{HOST_URL}}"
							],
							"path": [
								"size",
								"63e4cc101b418b0188cfbd19"
							]
						}
					},
					"response": []
				},
				{
					"name": "Get Size by id",
					"request": {
						"auth": {
							"type": "bearer",
							"bearer": [
								{
									"key": "token",
									"value": "{{AUTH_TOKEN}}",
									"type": "string"
								}
							]
						},
						"method": "GET",
						"header": [],
						"url": {
							"raw": "{{HOST_URL}}/size/63e4cc101b418b0188cfbd19",
							"host": [
								"{{HOST_URL}}"
							],
							"path": [
								"size",
								"63e4cc101b418b0188cfbd19"
							]
						}
					},
					"response": []
				}
			]
		},
		{
			"name": "Product",
			"item": [
				{
					"name": "Add Product",
					"request": {
						"auth": {
							"type": "bearer",
							"bearer": [
								{
									"key": "token",
									"value": "{{AUTH_TOKEN}}",
									"type": "string"
								}
							]
						},
						"method": "POST",
						"header": [],
						"body": {
							"mode": "raw",
							"raw": "{\r\n    \"product_en\": \"BITTE WOOL RUG with one size\",\r\n    \"product_hn\": \"BITTE WOOL RUG with one size\",\r\n    \"sku\": \"BITTE WOOL RUG\",\r\n    \"icon\": \"https://cdn.shopify.com/s/files/1/0256/0491/5279/products/Screenshot2021-10-22at22.30.28_600x.png?v=1634922189\",\r\n    \"pictures\": [\"https://cdn.shopify.com/s/files/1/0256/0491/5279/products/Screenshot2021-10-22at22.30.28_600x.png?v=1634922189\"],\r\n    \"description\": \"smart tv\",\r\n    \"cat_id\": [\"63e4cd266b543013880dbb43\"],\r\n    \"color_id\": [\"63e4c9cc481c7508800d02a7\"],\r\n    \"size_id\": [\"63e4cc101b418b0188cfbd19\"],\r\n    \"is_recommmend\": false,\r\n    \"is_trending\": false,\r\n    \"is_topoffer\": false,\r\n    \"product_type\": \"normal\",\r\n    \"status\": \"1\",\r\n    \"attribute\": [\r\n        {\r\n            \"attrid\": \"6395dd011956b100045a6470\",\r\n            \"value\": \"Black\"\r\n        }\r\n    ],\r\n    \"video\": [\r\n        {\r\n            \"video_thumb\": \"dssss.jpog\",\r\n            \"video_file\": \"\"\r\n        }\r\n    ],\r\n    \"price\": 10000,\r\n    \"speical_price\": 9999,    \r\n    \"qty\": 10,\r\n    \"min_stock\": 10,\r\n    \"policy_text\":\"\",\r\n    \"policy_image\":\"\",\r\n    \"creater_id\":\"63e4ccc28afb941ca8db7532\",\r\n    \"attributeStyleId\":\"\",\r\n    \"delivery_time\":\"2-3 days\",\r\n    \"community_id\": [\"63e4ccb08afb941ca8db752f\"],\r\n    \"qty_attr\":[\r\n        {\r\n            \"qty_type\":\"size\",\r\n            \"qty_value\":\"32 inch\"\r\n        }\r\n    ]\r\n    \r\n\r\n}",
							"options": {
								"raw": {
									"language": "json"
								}
							}
						},
						"url": {
							"raw": "{{HOST_URL}}/product/addproduct",
							"host": [
								"{{HOST_URL}}"
							],
							"path": [
								"product",
								"addproduct"
							]
						}
					},
					"response": []
				},
				{
					"name": "Add Child Product",
					"request": {
						"method": "POST",
						"header": [],
						"body": {
							"mode": "raw",
							"raw": "{\r\n    \"product_en\": \"Config Based Product Child\",\r\n    \"product_hn\": \"Config Basded product Child\",\r\n    \"sku\": \"realme_smart_tv_2\",\r\n    \"icon\": \"https://5.imimg.com/data5/SELLER/Default/2020/12/KN/WP/OI/5388819/t500-smartwatch-500x500.jpg\",\r\n    \"pictures\": [\"https://rukminim1.flixcart.com/image/416/416/kae95e80/television/f/6/y/realme-tv-32-original-imafrz79pweqeafh.jpeg?q=70\"],\r\n    \"description\": \"smart tv\",\r\n    \"cat_id\": [\"626c3630bf732f07f08f6657\"],\r\n    \"is_recommmend\": false,\r\n    \"is_trending\": false,\r\n    \"is_topoffer\": false,\r\n    \"product_type\": \"config\",\r\n    \"status\": \"1\",\r\n    \"attribute\": [\r\n        {\r\n            \"attrid\": \"626c376bbf732f07f08f665c\",\r\n            \"value\": \"Black\"\r\n        }\r\n    ],\r\n    \"video\": [\r\n        {\r\n            \"video_thumb\": \"dssss.jpog\",\r\n            \"video_file\": \"\"\r\n        }\r\n    ],\r\n    \"price\": 10000,\r\n    \"speical_price\": 9999,    \r\n    \"qty\": 10,\r\n    \"min_stock\": 10,\r\n    \"policy_text\":\"\",\r\n    \"policy_image\":\"\",\r\n    \"creater_id\":\"626c33085f74221094b6055b\",\r\n    \"attributeStyleId\":\"\",\r\n    \"delivery_time\":\"2-3 days\",\r\n    \"community_id\": [\"626c33c5bf732f07f08f6654\"],\r\n    \"qty_attr\":[\r\n        {\r\n            \"qty_type\":\"size\",\r\n            \"qty_value\":\"32 inch\"\r\n        }\r\n    ],\r\n    \"parent_id\":\"626e85a1e334cd37fca30ff2\"\r\n\r\n}",
							"options": {
								"raw": {
									"language": "json"
								}
							}
						},
						"url": {
							"raw": "{{HOST_URL}}/product/addproduct",
							"host": [
								"{{HOST_URL}}"
							],
							"path": [
								"product",
								"addproduct"
							]
						}
					},
					"response": []
				},
				{
					"name": "Product List",
					"request": {
						"auth": {
							"type": "bearer",
							"bearer": [
								{
									"key": "token",
									"value": "{{AUTH_TOKEN}}",
									"type": "string"
								}
							]
						},
						"method": "POST",
						"header": [],
						"body": {
							"mode": "raw",
							"raw": "{\r\n  \"parent_id\":\"5fa1a88de0e3863078c8929c\"   \r\n}",
							"options": {
								"raw": {
									"language": "json"
								}
							}
						},
						"url": {
							"raw": "{{HOST_URL}}/product/productlist",
							"host": [
								"{{HOST_URL}}"
							],
							"path": [
								"product",
								"productlist"
							]
						}
					},
					"response": []
				},
				{
					"name": "Add Config Product",
					"request": {
						"auth": {
							"type": "bearer",
							"bearer": [
								{
									"key": "token",
									"value": "{{AUTH_TOKEN}}",
									"type": "string"
								}
							]
						},
						"method": "POST",
						"header": [],
						"body": {
							"mode": "raw",
							"raw": "{\r\n    \"product_en\": \"Config Based Product\",\r\n    \"product_hn\": \"Config Basded product\",\r\n    \"sku\": \"realme_smart_tv_2\",\r\n    \"icon\": \"https://5.imimg.com/data5/SELLER/Default/2020/12/KN/WP/OI/5388819/t500-smartwatch-500x500.jpg\",\r\n    \"pictures\": [\"https://rukminim1.flixcart.com/image/416/416/kae95e80/television/f/6/y/realme-tv-32-original-imafrz79pweqeafh.jpeg?q=70\"],\r\n    \"description\": \"smart tv\",\r\n    \"cat_id\": [\"626c3630bf732f07f08f6657\"],\r\n    \"is_recommmend\": false,\r\n    \"is_trending\": false,\r\n    \"is_topoffer\": false,\r\n    \"product_type\": \"config\",\r\n    \"status\": \"1\",\r\n    \"attribute\": [\r\n        {\r\n            \"attrid\": \"626c376bbf732f07f08f665c\",\r\n            \"value\": \"Black\"\r\n        }\r\n    ],\r\n    \"video\": [\r\n        {\r\n            \"video_thumb\": \"dssss.jpog\",\r\n            \"video_file\": \"\"\r\n        }\r\n    ],\r\n    \"price\": 10000,\r\n    \"speical_price\": 9999,    \r\n    \"qty\": 10,\r\n    \"min_stock\": 10,\r\n    \"policy_text\":\"\",\r\n    \"policy_image\":\"\",\r\n    \"creater_id\":\"626c33085f74221094b6055b\",\r\n    \"attributeStyleId\":\"\",\r\n    \"delivery_time\":\"2-3 days\",\r\n    \"community_id\": [\"626c33c5bf732f07f08f6654\"],\r\n    \"qty_attr\":[\r\n        {\r\n            \"qty_type\":\"size\",\r\n            \"qty_value\":\"32 inch\"\r\n        }\r\n    ]\r\n    \r\n\r\n}",
							"options": {
								"raw": {
									"language": "json"
								}
							}
						},
						"url": {
							"raw": "{{HOST_URL}}/product/addproduct",
							"host": [
								"{{HOST_URL}}"
							],
							"path": [
								"product",
								"addproduct"
							]
						}
					},
					"response": []
				},
				{
					"name": "Update product by id",
					"protocolProfileBehavior": {
						"disableBodyPruning": true
					},
					"request": {
						"auth": {
							"type": "bearer",
							"bearer": [
								{
									"key": "token",
									"value": "{{AUTH_TOKEN}}",
									"type": "string"
								}
							]
						},
						"method": "GET",
						"header": [],
						"body": {
							"mode": "raw",
							"raw": "{\r\n    \"product_en\": \"watch\",\r\n    \"product_hn\": \"Watch2\",\r\n    \"sku\": \"watch2\",\r\n    \"icon\": \"https://images-na.ssl-images-amazon.com/images/I/91SZ3aDkLEL._UX679_.jpg\",\r\n    \"pictures\": [\"1\",\"2\"],\r\n    \"description\": \"T shirt for men \",\r\n    \"cat_id\": \"5fa6ef1f9d4d6c2680127c49\",\r\n    \"is_recommmend\": false,\r\n    \"is_trending\": false,\r\n    \"is_topoffer\": false,\r\n    \"community_id\": [\"5f9a59c4e627360004b24b40\",\"5f9a587ce627360004b24b3f\"],\r\n    \"service_type\": \"1\",\r\n    \"product_type\": \"1\",\r\n    \"seller_id\": \"5f9c20b918b3950004ab903c\",\r\n    \"status\": \"1\",\r\n    \"attribute\": [\r\n        {\r\n            \"attrid\": \"5fa6e84187c8f100fc9265e9\",\r\n            \"value\": \"Dont Wash\"\r\n        }\r\n    ],\r\n    \"price\": 100,\r\n    \"speical_price\": 10,    \r\n    \"qty\": 10,\r\n    \"min_stock\": 10,\r\n    \"policy_text\":\"\",\r\n    \"policy_image\":\"\"\r\n\r\n}",
							"options": {
								"raw": {
									"language": "json"
								}
							}
						},
						"url": {
							"raw": "{{HOST_URL}}/product/5fac5ee8b35c190004292037",
							"host": [
								"{{HOST_URL}}"
							],
							"path": [
								"product",
								"5fac5ee8b35c190004292037"
							]
						}
					},
					"response": []
				},
				{
					"name": "Product filter",
					"request": {
						"auth": {
							"type": "bearer",
							"bearer": [
								{
									"key": "token",
									"value": "{{AUTH_TOKEN}}",
									"type": "string"
								}
							]
						},
						"method": "POST",
						"header": [],
						"body": {
							"mode": "raw",
							"raw": "{\r\n  \"color_id\":[\"63e4c9cc481c7508800d02a7\"],\r\n  \"login_user_id\":\"63e4c82e79cd7c1cec00645e\"\r\n}",
							"options": {
								"raw": {
									"language": "json"
								}
							}
						},
						"url": {
							"raw": "{{HOST_URL}}/product/profilter",
							"host": [
								"{{HOST_URL}}"
							],
							"path": [
								"product",
								"profilter"
							]
						}
					},
					"response": []
				},
				{
					"name": "Get product by id",
					"request": {
						"auth": {
							"type": "bearer",
							"bearer": [
								{
									"key": "token",
									"value": "{{AUTH_TOKEN}}",
									"type": "string"
								}
							]
						},
						"method": "POST",
						"header": [],
						"body": {
							"mode": "raw",
							"raw": "{\r\n    \"login_user_id\":\"63e4c82e79cd7c1cec00645e\"\r\n}",
							"options": {
								"raw": {
									"language": "json"
								}
							}
						},
						"url": {
							"raw": "{{HOST_URL}}/product/63e5d7d38528711cace20d41",
							"host": [
								"{{HOST_URL}}"
							],
							"path": [
								"product",
								"63e5d7d38528711cace20d41"
							]
						}
					},
					"response": []
				},
				{
					"name": "Get product by slug",
					"request": {
						"method": "GET",
						"header": [],
						"url": {
							"raw": "{{HOST_URL}}/product/slug/realme-80-cm-32-inch-hd-ready-led-smart-android-tv--tv-32-1651259359334",
							"host": [
								"{{HOST_URL}}"
							],
							"path": [
								"product",
								"slug",
								"realme-80-cm-32-inch-hd-ready-led-smart-android-tv--tv-32-1651259359334"
							]
						}
					},
					"response": []
				},
				{
					"name": "Add product to wishlist",
					"request": {
						"auth": {
							"type": "bearer",
							"bearer": [
								{
									"key": "token",
									"value": "{{AUTH_TOKEN}}",
									"type": "string"
								}
							]
						},
						"method": "POST",
						"header": [],
						"body": {
							"mode": "raw",
							"raw": "{\r\n    \"customer_id\":\"63e4c82e79cd7c1cec00645e\",\r\n    \"product_id\":\"63e4d7396b543013880dbb52\",\r\n    \"isAdd\":true\r\n}",
							"options": {
								"raw": {
									"language": "json"
								}
							}
						},
						"url": {
							"raw": "{{HOST_URL}}/user/addwishlist",
							"host": [
								"{{HOST_URL}}"
							],
							"path": [
								"user",
								"addwishlist"
							]
						}
					},
					"response": []
				},
				{
					"name": "User wishlist",
					"request": {
						"auth": {
							"type": "bearer",
							"bearer": [
								{
									"key": "token",
									"value": "{{AUTH_TOKEN}}",
									"type": "string"
								}
							]
						},
						"method": "POST",
						"header": [],
						"body": {
							"mode": "raw",
							"raw": "{\r\n    \"customer_id\":\"626c3976bf732f07f08f665f\"\r\n}",
							"options": {
								"raw": {
									"language": "json"
								}
							}
						},
						"url": {
							"raw": "{{HOST_URL}}/user/wishlist",
							"host": [
								"{{HOST_URL}}"
							],
							"path": [
								"user",
								"wishlist"
							]
						}
					},
					"response": []
				},
				{
					"name": "Add Stock to product and product price & speical price update",
					"request": {
						"method": "PUT",
						"header": [],
						"body": {
							"mode": "raw",
							"raw": "{\r\n    \"add_item\":5,\r\n    \"creator_id\":\"626c33085f74221094b6055b\",\r\n    \"price\":1000,\r\n    \"special_price\":999\r\n\r\n}",
							"options": {
								"raw": {
									"language": "json"
								}
							}
						},
						"url": {
							"raw": "{{HOST_URL}}/product/626c37dfbf732f07f08f665e",
							"host": [
								"{{HOST_URL}}"
							],
							"path": [
								"product",
								"626c37dfbf732f07f08f665e"
							]
						}
					},
					"response": []
				}
			]
		},
		{
			"name": "Block",
			"item": [
				{
					"name": "Add Block",
					"request": {
						"auth": {
							"type": "bearer",
							"bearer": [
								{
									"key": "token",
									"value": "{{AUTH_TOKEN}}",
									"type": "string"
								}
							]
						},
						"method": "POST",
						"header": [],
						"body": {
							"mode": "raw",
							"raw": "{\r\n    \"position_nebr\":1,\r\n    \"title\": \"Shop By Size\",\r\n    \"content_view\":13,\r\n    \"search_key\": [\"6395e2971956b100045a6490\"],\r\n    \"community_id\":[\"63e4ccb08afb941ca8db752f\"]\r\n}",
							"options": {
								"raw": {
									"language": "json"
								}
							}
						},
						"url": {
							"raw": "{{HOST_URL}}/block/",
							"host": [
								"{{HOST_URL}}"
							],
							"path": [
								"block",
								""
							]
						},
						"description": "Creating Block  content_view\r\nFor listing category -1\r\nFor listing special offer -2\r\nFeatured seller -3 \r\nSeller profile view - 4\r\nFeatured user  (LeaderBoard) - 5\r\nPoll View - 6\r\nBlog view - 7\r\n"
					},
					"response": []
				},
				{
					"name": "List block",
					"request": {
						"auth": {
							"type": "bearer",
							"bearer": [
								{
									"key": "token",
									"value": "{{AUTH_TOKEN}}",
									"type": "string"
								}
							]
						},
						"method": "GET",
						"header": [],
						"url": {
							"raw": "{{HOST_URL}}/block/",
							"host": [
								"{{HOST_URL}}"
							],
							"path": [
								"block",
								""
							]
						}
					},
					"response": []
				},
				{
					"name": "Update block",
					"request": {
						"auth": {
							"type": "bearer",
							"bearer": [
								{
									"key": "token",
									"value": "{{AUTH_TOKEN}}",
									"type": "string"
								}
							]
						},
						"method": "PUT",
						"header": [],
						"body": {
							"mode": "raw",
							"raw": "{\r\n    \"search_key\": \"6395e2971956b100045a6490\"\r\n}",
							"options": {
								"raw": {
									"language": "json"
								}
							}
						},
						"url": {
							"raw": "{{HOST_URL}}/block/6395de531956b100045a6484",
							"host": [
								"{{HOST_URL}}"
							],
							"path": [
								"block",
								"6395de531956b100045a6484"
							]
						}
					},
					"response": []
				},
				{
					"name": "Get block by id",
					"request": {
						"auth": {
							"type": "bearer",
							"bearer": [
								{
									"key": "token",
									"value": "{{AUTH_TOKEN}}",
									"type": "string"
								}
							]
						},
						"method": "GET",
						"header": [],
						"url": {
							"raw": "{{HOST_URL}}/block/5fa00ad9a5ff47000416e0fa",
							"host": [
								"{{HOST_URL}}"
							],
							"path": [
								"block",
								"5fa00ad9a5ff47000416e0fa"
							]
						}
					},
					"response": []
				}
			]
		},
		{
			"name": "Items",
			"item": [
				{
					"name": "ITem add",
					"request": {
						"auth": {
							"type": "bearer",
							"bearer": [
								{
									"key": "token",
									"value": "{{AUTH_TOKEN}}",
									"type": "string"
								}
							]
						},
						"method": "POST",
						"header": [],
						"body": {
							"mode": "raw",
							"raw": "{\r\n    \"blockid\":\"626c403b514a8e1d544cbe22\",\r\n    \"videolink\":\"block3google.com\",\r\n    \"content_type\":3,\r\n    \"search_key\":\"626c3630bf732f07f08f6657\",\r\n    \"cover_image\":\"block2google.com\"\r\n}",
							"options": {
								"raw": {
									"language": "json"
								}
							}
						},
						"url": {
							"raw": "{{HOST_URL}}/item/",
							"host": [
								"{{HOST_URL}}"
							],
							"path": [
								"item",
								""
							]
						}
					},
					"response": []
				},
				{
					"name": "Get item list",
					"request": {
						"auth": {
							"type": "bearer",
							"bearer": [
								{
									"key": "token",
									"value": "{{AUTH_TOKEN}}",
									"type": "string"
								}
							]
						},
						"method": "GET",
						"header": [],
						"url": {
							"raw": "{{HOST_URL}}/item/",
							"host": [
								"{{HOST_URL}}"
							],
							"path": [
								"item",
								""
							]
						}
					},
					"response": []
				}
			]
		},
		{
			"name": "Coupon",
			"item": [
				{
					"name": "Create Coupon Code",
					"request": {
						"method": "POST",
						"header": [],
						"body": {
							"mode": "raw",
							"raw": "{\r\n   \"coupon_label\":\"My Coupon\",\r\n   \"coupon_code\":\"WELCOME\",\r\n   \"coupon_method\":1,\r\n   \"coupon_count\":50,\r\n   \"uses_per_customer\":5,\r\n   \"uses_per_coupon\":1,\r\n   \"assign_to\":\"all\",\r\n   \"min_amount\":0,\r\n   \"max_amount\":100,\r\n   \"amount\":\"4\",\r\n   \"coupon_type\":\"fixed\",\r\n   \"visibility\":\"public\",\r\n   \"description\":\"test\",\r\n     \"start_date\":\"2023-01-11T16:00:00Z\",\r\n    \"end_date\":\"2024-12-18T16:00:00Z\",\r\n   \"assigned_user_id\":[\r\n      \r\n   ],\r\n   \"creater_id\":\"63e4ccc28afb941ca8db7532\",\r\n   \"created_by\":\"admin\"\r\n}",
							"options": {
								"raw": {
									"language": "json"
								}
							}
						},
						"url": {
							"raw": "{{HOST_URL}}/coupon/addcoupon",
							"host": [
								"{{HOST_URL}}"
							],
							"path": [
								"coupon",
								"addcoupon"
							]
						}
					},
					"response": []
				},
				{
					"name": "Get Coupon By id",
					"request": {
						"method": "GET",
						"header": [],
						"url": {
							"raw": "{{HOST_URL}}/coupon/626e8aaae334cd37fca30ff7",
							"host": [
								"{{HOST_URL}}"
							],
							"path": [
								"coupon",
								"626e8aaae334cd37fca30ff7"
							]
						}
					},
					"response": []
				},
				{
					"name": "update coupon",
					"request": {
						"method": "PUT",
						"header": [],
						"body": {
							"mode": "raw",
							"raw": "{\r\n    \"coupon_label\":\"first coupon\"\r\n}",
							"options": {
								"raw": {
									"language": "json"
								}
							}
						},
						"url": {
							"raw": "{{HOST_URL}}/coupon/626e8aaae334cd37fca30ff7",
							"host": [
								"{{HOST_URL}}"
							],
							"path": [
								"coupon",
								"626e8aaae334cd37fca30ff7"
							]
						}
					},
					"response": []
				},
				{
					"name": "Coupon list",
					"request": {
						"method": "POST",
						"header": [],
						"url": {
							"raw": "{{HOST_URL}}/coupon/couponlist",
							"host": [
								"{{HOST_URL}}"
							],
							"path": [
								"coupon",
								"couponlist"
							]
						}
					},
					"response": []
				}
			]
		},
		{
			"name": "Cart",
			"item": [
				{
					"name": "Create Cart",
					"request": {
						"auth": {
							"type": "bearer",
							"bearer": [
								{
									"key": "token",
									"value": "{{AUTH_TOKEN}}",
									"type": "string"
								}
							]
						},
						"method": "POST",
						"header": [],
						"body": {
							"mode": "raw",
							"raw": "{\r\n    \"product_id\": \"63e5d7d38528711cace20d41\",\r\n    \"customer_id\": \"63e4c82e79cd7c1cec00645e\",\r\n    \"qty\": \"1\",\r\n    \"address_id\":\"63e5d9e01ded4046d0596e15\"\r\n}  ",
							"options": {
								"raw": {
									"language": "json"
								}
							}
						},
						"url": {
							"raw": "{{HOST_URL}}/cart/addtocart",
							"host": [
								"{{HOST_URL}}"
							],
							"path": [
								"cart",
								"addtocart"
							]
						}
					},
					"response": []
				},
				{
					"name": "Cart list by customer id",
					"request": {
						"auth": {
							"type": "bearer",
							"bearer": [
								{
									"key": "token",
									"value": "{{AUTH_TOKEN}}",
									"type": "string"
								}
							]
						},
						"method": "POST",
						"header": [],
						"body": {
							"mode": "raw",
							"raw": "{\r\n  \"customer_id\":\"63e4c82e79cd7c1cec00645e\"\r\n}",
							"options": {
								"raw": {
									"language": "json"
								}
							}
						},
						"url": {
							"raw": "{{HOST_URL}}/cart/cartlist",
							"host": [
								"{{HOST_URL}}"
							],
							"path": [
								"cart",
								"cartlist"
							]
						}
					},
					"response": []
				},
				{
					"name": "Remove product from cart",
					"request": {
						"auth": {
							"type": "bearer",
							"bearer": [
								{
									"key": "token",
									"value": "{{AUTH_TOKEN}}",
									"type": "string"
								}
							]
						},
						"method": "POST",
						"header": [],
						"body": {
							"mode": "raw",
							"raw": "{\r\n    \"product_id\": \"5fc692b39cef1c00049bbb13\",\r\n    \"customer_id\": \"5fc27c212807730004a37156\"\r\n}",
							"options": {
								"raw": {
									"language": "json"
								}
							}
						},
						"url": {
							"raw": "{{HOST_URL}}/cart/cartlist",
							"host": [
								"{{HOST_URL}}"
							],
							"path": [
								"cart",
								"cartlist"
							]
						}
					},
					"response": []
				},
				{
					"name": "applyCoupon",
					"request": {
						"method": "POST",
						"header": [],
						"body": {
							"mode": "raw",
							"raw": "{\r\n    \"coupon_code\": \"WELCOME\",\r\n    \"cart_id\":\"62701eeecbd2c90e5010ec74\"\r\n}",
							"options": {
								"raw": {
									"language": "json"
								}
							}
						},
						"url": {
							"raw": "{{HOST_URL}}/cart/applyCoupon",
							"host": [
								"{{HOST_URL}}"
							],
							"path": [
								"cart",
								"applyCoupon"
							]
						}
					},
					"response": []
				},
				{
					"name": "remove Coupon Code",
					"request": {
						"method": "POST",
						"header": [],
						"body": {
							"mode": "raw",
							"raw": "{\r\n    \"coupon_code\": \"WELCOME\",\r\n    \"cart_id\":\"626e601d83f08c09c04f6e49\"\r\n}",
							"options": {
								"raw": {
									"language": "json"
								}
							}
						},
						"url": {
							"raw": "{{HOST_URL}}/cart/removeCoupon",
							"host": [
								"{{HOST_URL}}"
							],
							"path": [
								"cart",
								"removeCoupon"
							]
						}
					},
					"response": []
				},
				{
					"name": "Set Payment method to cart",
					"request": {
						"method": "POST",
						"header": [],
						"body": {
							"mode": "raw",
							"raw": "{\r\n    \"payment_method\": \"cash on delivery\",\r\n    \"customer_id\":\"63e4c82e79cd7c1cec00645e\"\r\n}",
							"options": {
								"raw": {
									"language": "json"
								}
							}
						},
						"url": {
							"raw": "{{HOST_URL}}/cart/setPaymentMethod",
							"host": [
								"{{HOST_URL}}"
							],
							"path": [
								"cart",
								"setPaymentMethod"
							]
						}
					},
					"response": []
				}
			]
		},
		{
			"name": "Pages",
			"item": [
				{
					"name": "Attribute Style",
					"item": [
						{
							"name": "Add Style",
							"request": {
								"auth": {
									"type": "bearer",
									"bearer": [
										{
											"key": "token",
											"value": "{{AUTH_TOKEN}}",
											"type": "string"
										}
									]
								},
								"method": "POST",
								"header": [],
								"body": {
									"mode": "raw",
									"raw": "{\r\n    \"style_name\":\"Size\",\r\n    \"comment\":\"Style Type 1\",\r\n    \"style_type\":1\r\n}",
									"options": {
										"raw": {
											"language": "json"
										}
									}
								},
								"url": {
									"raw": "{{HOST_URL}}/style/",
									"host": [
										"{{HOST_URL}}"
									],
									"path": [
										"style",
										""
									]
								}
							},
							"response": []
						},
						{
							"name": "Style list",
							"request": {
								"auth": {
									"type": "bearer",
									"bearer": [
										{
											"key": "token",
											"value": "{{AUTH_TOKEN}}",
											"type": "string"
										}
									]
								},
								"method": "POST",
								"header": [],
								"body": {
									"mode": "raw",
									"raw": "{\r\n    \"status\":1,\r\n    \"style_type\":2\r\n}",
									"options": {
										"raw": {
											"language": "json"
										}
									}
								},
								"url": {
									"raw": "{{HOST_URL}}style/list",
									"host": [
										"{{HOST_URL}}style"
									],
									"path": [
										"list"
									]
								}
							},
							"response": []
						},
						{
							"name": "Get Style by id",
							"request": {
								"method": "GET",
								"header": [],
								"url": {
									"raw": "{{HOST_URL}}/style/5fa042b9058a0230a8fdec97",
									"host": [
										"{{HOST_URL}}"
									],
									"path": [
										"style",
										"5fa042b9058a0230a8fdec97"
									]
								}
							},
							"response": []
						},
						{
							"name": "Update style",
							"request": {
								"method": "PUT",
								"header": [],
								"body": {
									"mode": "raw",
									"raw": "{\r\n    \"style_name\":\"Mens Jenas\"\r\n}",
									"options": {
										"raw": {
											"language": "json"
										}
									}
								},
								"url": {
									"raw": "{{HOST_URL}}/style/5f9b0a3365d1603968a2381f",
									"host": [
										"{{HOST_URL}}"
									],
									"path": [
										"style",
										"5f9b0a3365d1603968a2381f"
									]
								}
							},
							"response": []
						}
					]
				},
				{
					"name": "Add page",
					"request": {
						"auth": {
							"type": "bearer",
							"bearer": [
								{
									"key": "token",
									"value": "{{AUTH_TOKEN}}",
									"type": "string"
								}
							]
						},
						"method": "POST",
						"header": [],
						"body": {
							"mode": "raw",
							"raw": "{\n    \"key\": \"String\",\n    \"title\": \"String2\",\n    \"content\": \"String3\",\n    \"image\": \"String4\",\n    \"seo_title\": \"String5\",\n    \"seo_content\": \"String6\",\n    \"footer_type\":1\n}",
							"options": {
								"raw": {
									"language": "json"
								}
							}
						},
						"url": {
							"raw": "{{HOST_URL}}/page",
							"host": [
								"{{HOST_URL}}"
							],
							"path": [
								"page"
							]
						}
					},
					"response": []
				},
				{
					"name": "Update page",
					"request": {
						"auth": {
							"type": "bearer",
							"bearer": [
								{
									"key": "token",
									"value": "{{AUTH_TOKEN}}",
									"type": "string"
								}
							]
						},
						"method": "PUT",
						"header": [],
						"body": {
							"mode": "raw",
							"raw": "{\n    \"key\": \"String10\",\n    \"title\": \"String2\",\n    \"content\": \"String3\",\n    \"image\": \"String4\",\n    \"seo_title\": \"String5\",\n    \"seo_content\": \"String6\"\n}",
							"options": {
								"raw": {
									"language": "json"
								}
							}
						},
						"url": {
							"raw": "{{HOST_URL}}/page/5eca5a5d5aca483ea04b6ddf",
							"host": [
								"{{HOST_URL}}"
							],
							"path": [
								"page",
								"5eca5a5d5aca483ea04b6ddf"
							]
						}
					},
					"response": []
				},
				{
					"name": "Get page by id",
					"event": [
						{
							"listen": "prerequest",
							"script": {
								"exec": [
									""
								],
								"type": "text/javascript"
							}
						}
					],
					"protocolProfileBehavior": {
						"disableBodyPruning": true
					},
					"request": {
						"method": "GET",
						"header": [
							{
								"key": "Authorization",
								"value": "barer eyJhbGciOiJIUzI1NiIsInR5cCI6IkpXVCJ9.eyJpZCI6IjVlYjQzYTU3ZmE3NmRhNDdiY2VhMjE5NSIsImlhdCI6MTU4OTAxNzA4M30.H6dT5wgIrQpgxM9FMbo6x96jIHA-N9cGg9uWTr0XATM",
								"type": "text"
							}
						],
						"body": {
							"mode": "raw",
							"raw": "",
							"options": {
								"raw": {
									"language": "json"
								}
							}
						},
						"url": {
							"raw": "{{HOST_URL}}/v1/page/5eca5a5d5aca483ea04b6ddf",
							"host": [
								"{{HOST_URL}}"
							],
							"path": [
								"v1",
								"page",
								"5eca5a5d5aca483ea04b6ddf"
							]
						}
					},
					"response": []
				},
				{
					"name": "Get all pages",
					"event": [
						{
							"listen": "prerequest",
							"script": {
								"exec": [
									""
								],
								"type": "text/javascript"
							}
						}
					],
					"protocolProfileBehavior": {
						"disableBodyPruning": true
					},
					"request": {
						"method": "GET",
						"header": [
							{
								"key": "Authorization",
								"value": "barer eyJhbGciOiJIUzI1NiIsInR5cCI6IkpXVCJ9.eyJpZCI6IjVlYjQzYTU3ZmE3NmRhNDdiY2VhMjE5NSIsImlhdCI6MTU4OTAxNzA4M30.H6dT5wgIrQpgxM9FMbo6x96jIHA-N9cGg9uWTr0XATM",
								"type": "text"
							}
						],
						"body": {
							"mode": "raw",
							"raw": "",
							"options": {
								"raw": {
									"language": "json"
								}
							}
						},
						"url": {
							"raw": "{{HOST_URL}}/page?page=0&footer_type=2&limit=200",
							"host": [
								"{{HOST_URL}}"
							],
							"path": [
								"page"
							],
							"query": [
								{
									"key": "page",
									"value": "0"
								},
								{
									"key": "footer_type",
									"value": "2"
								},
								{
									"key": "limit",
									"value": "200"
								}
							]
						}
					},
					"response": []
				},
				{
					"name": "Get page by slug ",
					"request": {
						"method": "GET",
						"header": [],
						"url": {
							"raw": "{{HOST_URL}}page/slug/string2",
							"host": [
								"{{HOST_URL}}page"
							],
							"path": [
								"slug",
								"string2"
							]
						}
					},
					"response": []
				}
			]
		},
		{
			"name": "Banner",
			"item": [
				{
					"name": "Add Banner",
					"request": {
						"auth": {
							"type": "bearer",
							"bearer": [
								{
									"key": "token",
									"value": "{{AUTH_TOKEN}}",
									"type": "string"
								}
							]
						},
						"method": "POST",
						"header": [],
						"body": {
							"mode": "raw",
							"raw": "{\r\n    \"title\": \"Shop More and Buy More\",\r\n    \"sub_title\": \"Banner 3\",\r\n    \"image\": \"https://humbleirde.s3.ca-central-1.amazonaws.com/Offer3.png\",\r\n    \"button_text\": \"BUY\",\r\n    \"button_action\":1,\r\n    \"search_key\":\"\",\r\n    \"banner_for\":1,\r\n    \"category_id\":[\"6395e2971956b100045a6490\"],\r\n    \"community_id\":[\"6395dc4f1956b100045a6464\"],\r\n    \"banner_type\":2\r\n\r\n}",
							"options": {
								"raw": {
									"language": "json"
								}
							}
						},
						"url": {
							"raw": "{{HOST_URL}}/banner",
							"host": [
								"{{HOST_URL}}"
							],
							"path": [
								"banner"
							]
						},
						"description": "button_action -  1 -for category page , 2- for single product page , 3-for event listing , 4- near by shops listing \r\nbanner_for = 1 for home page, 2 -for category page\r\n"
					},
					"response": []
				},
				{
					"name": "Update Banner",
					"request": {
						"method": "PUT",
						"header": [],
						"body": {
							"mode": "raw",
							"raw": "{\r\n    \"title\": \"Explore More Categor\",\r\n    \"sub_title\": \"String3\",\r\n    \"image\": \"String4\",\r\n    \"button_text\": \"String5\",\r\n    \"button_action\":1,\r\n    \"search_key\":\"\",\r\n    \"banner_for\":1,\r\n    \"category_id\":[],\r\n    \"community_id\":[]\r\n\r\n}",
							"options": {
								"raw": {
									"language": "json"
								}
							}
						},
						"url": {
							"raw": "{{HOST_URL}}/banner/5fa0daee0d0a5939dc040e67",
							"host": [
								"{{HOST_URL}}"
							],
							"path": [
								"banner",
								"5fa0daee0d0a5939dc040e67"
							]
						}
					},
					"response": []
				},
				{
					"name": "Banner list",
					"request": {
						"method": "POST",
						"header": [],
						"body": {
							"mode": "raw",
							"raw": "{\r\n    \"status\":1\r\n   \r\n}",
							"options": {
								"raw": {
									"language": "json"
								}
							}
						},
						"url": {
							"raw": "{{HOST_URL}}/banner/list",
							"host": [
								"{{HOST_URL}}"
							],
							"path": [
								"banner",
								"list"
							]
						}
					},
					"response": []
				},
				{
					"name": "Get Banner By id",
					"request": {
						"method": "GET",
						"header": [],
						"url": {
							"raw": "{{HOST_URL}}/banner/5fa0da47c6cd84296c8597e4",
							"host": [
								"{{HOST_URL}}"
							],
							"path": [
								"banner",
								"5fa0da47c6cd84296c8597e4"
							]
						}
					},
					"response": []
				}
			]
		},
		{
			"name": "Blog",
			"item": [
				{
					"name": "Add Blog",
					"request": {
						"auth": {
							"type": "bearer",
							"bearer": [
								{
									"key": "token",
									"value": "{{AUTH_TOKEN}}",
									"type": "string"
								}
							]
						},
						"method": "POST",
						"header": [],
						"body": {
							"mode": "raw",
							"raw": "{\r\n    \"title\": \"String2\",\r\n    \"description\": \"String3\",\r\n     \"pictures\": [\"1\",\"2\"],\r\n     \"status\":1,\r\n     \"creater_id\":\"5fc27c212807730004a37156\"\r\n\r\n}",
							"options": {
								"raw": {
									"language": "json"
								}
							}
						},
						"url": {
							"raw": "{{HOST_URL}}/blog/",
							"host": [
								"{{HOST_URL}}"
							],
							"path": [
								"blog",
								""
							]
						}
					},
					"response": []
				},
				{
					"name": "Blog list with filter",
					"request": {
						"auth": {
							"type": "bearer",
							"bearer": [
								{
									"key": "token",
									"value": "{{AUTH_TOKEN}}",
									"type": "string"
								}
							]
						},
						"method": "POST",
						"header": [],
						"body": {
							"mode": "raw",
							"raw": "{\r\n    \"status\":1,\r\n    \"creater_id\":\"5fbf3a487cc5a200044b0550\",\r\n    \"community_id\": [\"5f9a5a81e627360004b24b43\"]   \r\n}",
							"options": {
								"raw": {
									"language": "json"
								}
							}
						},
						"url": {
							"raw": "{{HOST_URL}}/blog/list?limit=0&page=1",
							"host": [
								"{{HOST_URL}}"
							],
							"path": [
								"blog",
								"list"
							],
							"query": [
								{
									"key": "limit",
									"value": "0"
								},
								{
									"key": "page",
									"value": "1"
								}
							]
						},
						"description": "Blog can be filter with status , creator id , community id"
					},
					"response": []
				},
				{
					"name": "Get blog by id",
					"request": {
						"auth": {
							"type": "bearer",
							"bearer": [
								{
									"key": "token",
									"value": "{{AUTH_TOKEN}}",
									"type": "string"
								}
							]
						},
						"method": "POST",
						"header": [],
						"body": {
							"mode": "raw",
							"raw": "{\r\n     \"login_userid\":\"5f917ebbfc0f7f0004d4f65d\" \r\n}",
							"options": {
								"raw": {
									"language": "json"
								}
							}
						},
						"url": {
							"raw": "{{HOST_URL}}/blog/5fc31134648aef00048b9697",
							"host": [
								"{{HOST_URL}}"
							],
							"path": [
								"blog",
								"5fc31134648aef00048b9697"
							]
						}
					},
					"response": []
				},
				{
					"name": "Update Blog ",
					"request": {
						"auth": {
							"type": "bearer",
							"bearer": [
								{
									"key": "token",
									"value": "{{AUTH_TOKEN}}",
									"type": "string"
								}
							]
						},
						"method": "PUT",
						"header": [],
						"body": {
							"mode": "raw",
							"raw": "{\r\n    \"title\": \"String new\",\r\n    \"description\": \"String3\",\r\n     \"pictures\": [\"1\",\"2\"],\r\n     \"status\":1,\r\n     \"creater_id\":\"5f917ebbfc0f7f0004d4f65d\"\r\n\r\n}",
							"options": {
								"raw": {
									"language": "json"
								}
							}
						},
						"url": {
							"raw": "{{HOST_URL}}/blog/5fbf76689846a72bd425f04b",
							"host": [
								"{{HOST_URL}}"
							],
							"path": [
								"blog",
								"5fbf76689846a72bd425f04b"
							]
						}
					},
					"response": []
				},
				{
					"name": "Share blog",
					"request": {
						"auth": {
							"type": "bearer",
							"bearer": [
								{
									"key": "token",
									"value": "{{AUTH_TOKEN}}",
									"type": "string"
								}
							]
						},
						"method": "GET",
						"header": [],
						"url": {
							"raw": "{{HOST_URL}}/blog/share/5fbf76689846a72bd425f04b",
							"host": [
								"{{HOST_URL}}"
							],
							"path": [
								"blog",
								"share",
								"5fbf76689846a72bd425f04b"
							]
						}
					},
					"response": []
				},
				{
					"name": "Blog by slug",
					"request": {
						"auth": {
							"type": "bearer",
							"bearer": [
								{
									"key": "token",
									"value": "{{AUTH_TOKEN}}",
									"type": "string"
								}
							]
						},
						"method": "POST",
						"header": [],
						"body": {
							"mode": "raw",
							"raw": "{\r\n     \"login_userid\":\"5fc27c212807730004a37156\" \r\n}",
							"options": {
								"raw": {
									"language": "json"
								}
							}
						},
						"url": {
							"raw": "{{HOST_URL}}/blog/slug/dep_life",
							"host": [
								"{{HOST_URL}}"
							],
							"path": [
								"blog",
								"slug",
								"dep_life"
							]
						}
					},
					"response": []
				},
				{
					"name": "Add like to blog",
					"request": {
						"auth": {
							"type": "bearer",
							"bearer": [
								{
									"key": "token",
									"value": "{{AUTH_TOKEN}}",
									"type": "string"
								}
							]
						},
						"method": "POST",
						"header": [],
						"body": {
							"mode": "raw",
							"raw": "{\r\n    \"userid\":\"5fc27c212807730004a37156\",\r\n    \"liked_blog\":\"5fc32bbb648aef00048b96c8\",\r\n    \"is_like\":true\r\n}",
							"options": {
								"raw": {
									"language": "json"
								}
							}
						},
						"url": {
							"raw": "{{HOST_URL}}/like/addlike",
							"host": [
								"{{HOST_URL}}"
							],
							"path": [
								"like",
								"addlike"
							]
						}
					},
					"response": []
				}
			]
		},
		{
			"name": "Comment",
			"item": [
				{
					"name": "Comment Listing",
					"request": {
						"auth": {
							"type": "bearer",
							"bearer": [
								{
									"key": "token",
									"value": "{{AUTH_TOKEN}}",
									"type": "string"
								}
							]
						},
						"method": "POST",
						"header": [],
						"body": {
							"mode": "raw",
							"raw": "{    \r\n    \"blogid\":\"5fbf76689846a72bd425f04b\",\r\n    \"login_userid\":\"5fbf3a487cc5a200044b0550\"\r\n}",
							"options": {
								"raw": {
									"language": "json"
								}
							}
						},
						"url": {
							"raw": "{{HOST_URL}}/comment/listing",
							"host": [
								"{{HOST_URL}}"
							],
							"path": [
								"comment",
								"listing"
							]
						}
					},
					"response": []
				},
				{
					"name": "Add Comment",
					"request": {
						"auth": {
							"type": "bearer",
							"bearer": [
								{
									"key": "token",
									"value": "{{AUTH_TOKEN}}",
									"type": "string"
								}
							]
						},
						"method": "POST",
						"header": [],
						"body": {
							"mode": "raw",
							"raw": "{\r\n    \"userid\":\"5fbf3a487cc5a200044b0550\",\r\n    \"blogid\":\"5fbf76689846a72bd425f04b\",\r\n    \"comment\":\"1010 2222\"\r\n}",
							"options": {
								"raw": {
									"language": "json"
								}
							}
						},
						"url": {
							"raw": "{{HOST_URL}}/comment/addcomment",
							"host": [
								"{{HOST_URL}}"
							],
							"path": [
								"comment",
								"addcomment"
							]
						}
					},
					"response": []
				},
				{
					"name": "Update Comment",
					"request": {
						"auth": {
							"type": "bearer",
							"bearer": [
								{
									"key": "token",
									"value": "{{AUTH_TOKEN}}",
									"type": "string"
								}
							]
						},
						"method": "POST",
						"header": [],
						"body": {
							"mode": "raw",
							"raw": "{\r\n    \"commentid\":\"5fbf93d70c8190226ccd9033\",\r\n    \"comment\":\"comment title testing  other\"\r\n}",
							"options": {
								"raw": {
									"language": "json"
								}
							}
						},
						"url": {
							"raw": "{{HOST_URL}}/comment/update",
							"host": [
								"{{HOST_URL}}"
							],
							"path": [
								"comment",
								"update"
							]
						}
					},
					"response": []
				}
			]
		},
		{
			"name": "Attribute Style",
			"item": [
				{
					"name": "Add Style",
					"request": {
						"auth": {
							"type": "bearer",
							"bearer": [
								{
									"key": "token",
									"value": "{{AUTH_TOKEN}}",
									"type": "string"
								}
							]
						},
						"method": "POST",
						"header": [],
						"body": {
							"mode": "raw",
							"raw": "{\r\n    \"style_name\":\"Fridge\",\r\n    \"comment\":\"Atrrbute of fridge\",\r\n    \"style_type\":1\r\n}",
							"options": {
								"raw": {
									"language": "json"
								}
							}
						},
						"url": {
							"raw": "{{HOST_URL}}/style/",
							"host": [
								"{{HOST_URL}}"
							],
							"path": [
								"style",
								""
							]
						}
					},
					"response": []
				},
				{
					"name": "Style List",
					"request": {
						"auth": {
							"type": "bearer",
							"bearer": [
								{
									"key": "token",
									"value": "{{AUTH_TOKEN}}",
									"type": "string"
								}
							]
						},
						"method": "POST",
						"header": [],
						"body": {
							"mode": "raw",
							"raw": "{\r\n    \"status\":1,\r\n    \"style_type\":1\r\n}",
							"options": {
								"raw": {
									"language": "json"
								}
							}
						},
						"url": {
							"raw": "{{HOST_URL}}style/list",
							"host": [
								"{{HOST_URL}}style"
							],
							"path": [
								"list"
							]
						}
					},
					"response": []
				},
				{
					"name": "Get style by id",
					"request": {
						"auth": {
							"type": "bearer",
							"bearer": [
								{
									"key": "token",
									"value": "{{AUTH_TOKEN}}",
									"type": "string"
								}
							]
						},
						"method": "GET",
						"header": [],
						"url": {
							"raw": "{{HOST_URL}}/style/626c3750bf732f07f08f665b",
							"host": [
								"{{HOST_URL}}"
							],
							"path": [
								"style",
								"626c3750bf732f07f08f665b"
							]
						}
					},
					"response": []
				}
			]
		},
		{
			"name": "Order",
			"item": [
				{
					"name": "Create Order",
					"request": {
						"method": "POST",
						"header": [],
						"body": {
							"mode": "raw",
							"raw": "{\r\n  \"customer_id\":\"63e4c82e79cd7c1cec00645e\"\r\n}",
							"options": {
								"raw": {
									"language": "json"
								}
							}
						},
						"url": {
							"raw": "{{HOST_URL}}/order/createmobile",
							"host": [
								"{{HOST_URL}}"
							],
							"path": [
								"order",
								"createmobile"
							]
						}
					},
					"response": []
				},
				{
					"name": "Order list",
					"request": {
						"method": "POST",
						"header": [],
						"body": {
							"mode": "raw",
							"raw": "{\r\n  \"order_status\": 1,\r\n  \"customer_id\":\"63e4c82e79cd7c1cec00645e\"\r\n}",
							"options": {
								"raw": {
									"language": "json"
								}
							}
						},
						"url": {
							"raw": "{{HOST_URL}}/order/orderlist",
							"host": [
								"{{HOST_URL}}"
							],
							"path": [
								"order",
								"orderlist"
							]
						}
					},
					"response": []
				},
				{
					"name": "Get order detail by id",
					"request": {
						"method": "GET",
						"header": [],
						"url": {
							"raw": "{{HOST_URL}}/order/63e5dd6d3c21aa62a02936d6",
							"host": [
								"{{HOST_URL}}"
							],
							"path": [
								"order",
								"63e5dd6d3c21aa62a02936d6"
							]
						}
					},
					"response": []
				},
				{
					"name": "Change order status",
					"request": {
						"method": "POST",
						"header": [],
						"body": {
							"mode": "raw",
							"raw": "{\r\n    \"order_status\":5,\r\n    \"customer_id\":\"626c3976bf732f07f08f665f\"\r\n}",
							"options": {
								"raw": {
									"language": "json"
								}
							}
						},
						"url": {
							"raw": "{{HOST_URL}}/order/changeorderstatus/62701f19cbd2c90e5010ec75",
							"host": [
								"{{HOST_URL}}"
							],
							"path": [
								"order",
								"changeorderstatus",
								"62701f19cbd2c90e5010ec75"
							]
						}
					},
					"response": []
				}
			]
		},
		{
			"name": "upload",
			"item": [
				{
					"name": "Single file upload",
					"event": [
						{
							"listen": "prerequest",
							"script": {
								"exec": [
									""
								],
								"type": "text/javascript"
							}
						}
					],
					"request": {
						"auth": {
							"type": "bearer",
							"bearer": [
								{
									"key": "token",
									"value": "{{AUTH_TOKEN}}",
									"type": "string"
								}
							]
						},
						"method": "POST",
						"header": [
							{
								"key": "Authorization",
								"value": "barer eyJhbGciOiJIUzI1NiIsInR5cCI6IkpXVCJ9.eyJpZCI6IjVlYjQzYTU3ZmE3NmRhNDdiY2VhMjE5NSIsImlhdCI6MTU4OTAxNzA4M30.H6dT5wgIrQpgxM9FMbo6x96jIHA-N9cGg9uWTr0XATM",
								"type": "text"
							}
						],
						"body": {
							"mode": "formdata",
							"formdata": [
								{
									"key": "files",
									"type": "file",
									"src": "/F:/Dhanuinfo/Defny Gifts/defny.jpeg"
								},
								{
									"key": "isMultiple",
									"value": "false",
									"type": "text"
								},
								{
									"key": "path",
									"value": "blog/gallery",
									"type": "text"
								}
							]
						},
						"url": {
							"raw": "{{HOST_URL}}/upload",
							"host": [
								"{{HOST_URL}}"
							],
							"path": [
								"upload"
							]
						}
					},
					"response": []
				},
				{
					"name": "Multi file upload",
					"event": [
						{
							"listen": "prerequest",
							"script": {
								"exec": [
									""
								],
								"type": "text/javascript"
							}
						}
					],
					"request": {
						"auth": {
							"type": "bearer",
							"bearer": [
								{
									"key": "token",
									"value": "{{AUTH_TOKEN}}",
									"type": "string"
								}
							]
						},
						"method": "POST",
						"header": [
							{
								"key": "Authorization",
								"value": "barer eyJhbGciOiJIUzI1NiIsInR5cCI6IkpXVCJ9.eyJpZCI6IjVlYjQzYTU3ZmE3NmRhNDdiY2VhMjE5NSIsImlhdCI6MTU4OTAxNzA4M30.H6dT5wgIrQpgxM9FMbo6x96jIHA-N9cGg9uWTr0XATM",
								"type": "text"
							}
						],
						"body": {
							"mode": "formdata",
							"formdata": [
								{
									"key": "files",
									"type": "file",
									"src": [
										"/C:/Users/Avarjana/Pictures/Screenshots/Screenshot (10).png",
										"/C:/Users/Avarjana/Pictures/Screenshots/Screenshot (11).png"
									]
								},
								{
									"key": "isMultiple",
									"value": "true",
									"type": "text"
								},
								{
									"key": "path",
									"value": "blog/gallery",
									"type": "text"
								}
							]
						},
						"url": {
							"raw": "{{HOST_URL}}/upload",
							"host": [
								"{{HOST_URL}}"
							],
							"path": [
								"upload"
							]
						}
					},
					"response": []
				},
				{
					"name": "Upload Video",
					"request": {
						"auth": {
							"type": "bearer",
							"bearer": [
								{
									"key": "token",
									"value": "{{AUTH_TOKEN}}",
									"type": "string"
								}
							]
						},
						"method": "POST",
						"header": [],
						"body": {
							"mode": "formdata",
							"formdata": [
								{
									"key": "files",
									"type": "file",
									"src": "/C:/Users/dEV/Documents/m2.mp4"
								},
								{
									"key": "isMultiple",
									"value": "false",
									"type": "text"
								},
								{
									"key": "path",
									"value": "blog/gallery",
									"type": "text"
								}
							]
						},
						"url": {
							"raw": "{{HOST_URL}}/uploadvideo",
							"host": [
								"{{HOST_URL}}"
							],
							"path": [
								"uploadvideo"
							]
						}
					},
					"response": []
				}
			]
		},
		{
			"name": "Review",
			"item": [
				{
					"name": "Add Review and rating",
					"request": {
						"auth": {
							"type": "bearer",
							"bearer": [
								{
									"key": "token",
									"value": "{{AUTH_TOKEN}}",
									"type": "string"
								}
							]
						},
						"method": "POST",
						"header": [],
						"body": {
							"mode": "raw",
							"raw": "{\r\n    \"user_id\":\"63e4c82e79cd7c1cec00645e\",\r\n    \"product_id\":\"63e5d7d38528711cace20d41\",\r\n    \"order_id\":\"63e5dd6d3c21aa62a02936d6\",\r\n    \"rating\":5,\r\n    \"review\":\"Good product\",\r\n    \"images\":[\"\"]\r\n\r\n}",
							"options": {
								"raw": {
									"language": "json"
								}
							}
						},
						"url": {
							"raw": "{{HOST_URL}}/review",
							"host": [
								"{{HOST_URL}}"
							],
							"path": [
								"review"
							]
						}
					},
					"response": []
				}
			]
		},
		{
			"name": "Common document count",
			"event": [
				{
					"listen": "prerequest",
					"script": {
						"exec": [
							""
						],
						"type": "text/javascript"
					}
				}
			],
			"request": {
				"method": "POST",
				"header": [
					{
						"key": "Authorization",
						"value": "barer eyJhbGciOiJIUzI1NiIsInR5cCI6IkpXVCJ9.eyJpZCI6IjVlYjQzYTU3ZmE3NmRhNDdiY2VhMjE5NSIsImlhdCI6MTU4OTAxNzA4M30.H6dT5wgIrQpgxM9FMbo6x96jIHA-N9cGg9uWTr0XATM",
						"type": "text"
					}
				],
				"body": {
					"mode": "raw",
					"raw": "",
					"options": {
						"raw": {
							"language": "json"
						}
					}
				},
				"url": {
					"raw": "{{HOST_URL}}/USER/doc_count",
					"host": [
						"{{HOST_URL}}"
					],
					"path": [
						"USER",
						"doc_count"
					]
				}
			},
			"response": []
		},
		{
			"name": "Common delete opertaion",
			"event": [
				{
					"listen": "prerequest",
					"script": {
						"exec": [
							""
						],
						"type": "text/javascript"
					}
				}
			],
			"request": {
				"method": "DELETE",
				"header": [
					{
						"key": "Authorization",
						"value": "barer eyJhbGciOiJIUzI1NiIsInR5cCI6IkpXVCJ9.eyJpZCI6IjVlYjQzYTU3ZmE3NmRhNDdiY2VhMjE5NSIsImlhdCI6MTU4OTAxNzA4M30.H6dT5wgIrQpgxM9FMbo6x96jIHA-N9cGg9uWTr0XATM",
						"type": "text"
					}
				],
				"body": {
					"mode": "raw",
					"raw": "",
					"options": {
						"raw": {
							"language": "json"
						}
					}
				},
				"url": {
					"raw": "{{HOST_URL}}/delete/PAGE/5f9c4981d153203218a5156f",
					"host": [
						"{{HOST_URL}}"
					],
					"path": [
						"delete",
						"PAGE",
						"5f9c4981d153203218a5156f"
					]
				},
				"description": "Object type must be in Capital letters"
			},
			"response": []
		},
		{
			"name": "Permanently Delete",
			"event": [
				{
					"listen": "prerequest",
					"script": {
						"exec": [
							""
						],
						"type": "text/javascript"
					}
				}
			],
			"request": {
				"auth": {
					"type": "bearer",
					"bearer": [
						{
							"key": "token",
							"value": "{{AUTH_TOKEN}}",
							"type": "string"
						}
					]
				},
				"method": "DELETE",
				"header": [
					{
						"key": "Authorization",
						"value": "barer eyJhbGciOiJIUzI1NiIsInR5cCI6IkpXVCJ9.eyJpZCI6IjVlYjQzYTU3ZmE3NmRhNDdiY2VhMjE5NSIsImlhdCI6MTU4OTAxNzA4M30.H6dT5wgIrQpgxM9FMbo6x96jIHA-N9cGg9uWTr0XATM",
						"type": "text"
					}
				],
				"body": {
					"mode": "raw",
					"raw": "",
					"options": {
						"raw": {
							"language": "json"
						}
					}
				},
				"url": {
					"raw": "{{HOST_URL}}/deleteper/BLOCK/6395e0da1956b100045a6488",
					"host": [
						"{{HOST_URL}}"
					],
					"path": [
						"deleteper",
						"BLOCK",
						"6395e0da1956b100045a6488"
					]
				}
			},
			"response": []
		},
		{
			"name": "Country List 2",
			"protocolProfileBehavior": {
				"disableBodyPruning": true
			},
			"request": {
				"auth": {
					"type": "bearer",
					"bearer": [
						{
							"key": "token",
							"value": "eyJhbGciOiJIUzI1NiIsInR5cCI6IkpXVCJ9.eyJpZCI6IjVlYjQzYTU3ZmE3NmRhNDdiY2VhMjE5NSIsImlhdCI6MTU5MDA4NTMwOH0.Ib8L7xpaZg39pAiSsJf69US2rvUWjQ3SL0WPNu6NQsQ",
							"type": "string"
						}
					]
				},
				"method": "GET",
				"header": [],
				"body": {
					"mode": "raw",
					"raw": "",
					"options": {
						"raw": {
							"language": "json"
						}
					}
				},
				"url": {
					"raw": "{{HOST_URL}}/country_list",
					"host": [
						"{{HOST_URL}}"
					],
					"path": [
						"country_list"
					]
				}
			},
			"response": []
		},
		{
			"name": "Home page data listing",
			"request": {
				"auth": {
					"type": "noauth"
				},
				"method": "POST",
				"header": [],
				"body": {
					"mode": "raw",
					"raw": "{\"community_id\":\"63e4ccb08afb941ca8db752f\",\"login_user_id\":\"\"}",
					"options": {
						"raw": {
							"language": "json"
						}
					}
				},
				"url": {
					"raw": "{{HOST_URL}}/block/home",
					"host": [
						"{{HOST_URL}}"
					],
					"path": [
						"block",
						"home"
					]
				},
				"description": "Creating Block  content_view\r\nFor listing category -1\r\nFor listing special offer -2\r\nFeatured seller -3 \r\nSeller profile view - 4\r\nFeatured user  (LeaderBoard) - 5\r\nPoll View - 6\r\nBlog view - 7\r\nContent_type \r\nFor product listing -1\r\nFor Seller profile listing - 2\r\nFor event listing - 3\r\n"
			},
			"response": []
		},
		{
			"name": "Add Comment",
			"request": {
				"auth": {
					"type": "bearer",
					"bearer": [
						{
							"key": "token",
							"value": "{{AUTH_TOKEN}}",
							"type": "string"
						}
					]
				},
				"method": "POST",
				"header": [],
				"body": {
					"mode": "raw",
					"raw": "{\r\n    \"userid\":\"5fbf3a487cc5a200044b0550\",\r\n    \"blogid\":\"5fbf76689846a72bd425f04b\",\r\n    \"comment\":\"1010ssss\"\r\n}",
					"options": {
						"raw": {
							"language": "json"
						}
					}
				},
				"url": {
					"raw": "{{HOST_URL}}/comment/addcomment",
					"host": [
						"{{HOST_URL}}"
					],
					"path": [
						"comment",
						"addcomment"
					]
				}
			},
			"response": []
		}
	],
	"event": [
		{
			"listen": "prerequest",
			"script": {
				"type": "text/javascript",
				"exec": [
					""
				]
			}
		},
		{
			"listen": "test",
			"script": {
				"type": "text/javascript",
				"exec": [
					""
				]
			}
		}
	],
	"variable": [
		{
			"key": "HOST_URL",
			"value": "http://52.242.121.10:3000",
			"type": "string"
		},
		{
			"key": "HOST_URL",
			"value": "http://52.242.121.10:3000",
			"type": "string"
		}
	]
}